Market_Names,Date,NonComm_Long,NonComm_Short,Change_Long,Change_Short,Net_Position,Market_Type,Total
US10,2023-12-26,430563,1235547,-13639.0,103773.0,-804984,Bonds,1666110
US10,2023-12-19,444202,1131774,-69774.0,60867.0,-687572,Bonds,1575976
US10,2023-12-12,513976,1070907,31421.0,-48104.0,-556931,Bonds,1584883
US10,2023-12-05,482555,1119011,-28438.0,-77336.0,-636456,Bonds,1601566
US10,2023-11-28,510993,1196347,31406.0,58602.0,-685354,Bonds,1707340
US10,2023-11-21,479587,1137745,-34522.0,-38130.0,-658158,Bonds,1617332
US10,2023-11-14,514109,1175875,12673.0,69940.0,-661766,Bonds,1689984
US10,2023-11-07,501436,1105935,-70859.0,-94058.0,-604499,Bonds,1607371
US10,2023-10-31,572295,1199993,29971.0,94307.0,-627698,Bonds,1772288
US10,2023-10-24,542324,1105686,53246.0,-94132.0,-563362,Bonds,1648010
US10,2023-10-17,489078,1199818,8164.0,5922.0,-710740,Bonds,1688896
US10,2023-10-10,480914,1193896,-11146.0,-32045.0,-712982,Bonds,1674810
US10,2023-10-03,492060,1225941,-17518.0,-15635.0,-733881,Bonds,1718001
US10,2023-09-26,509578,1241576,19725.0,49407.0,-731998,Bonds,1751154
US10,2023-09-19,489853,1192169,22739.0,-19247.0,-702316,Bonds,1682022
US10,2023-09-12,467114,1211416,12234.0,-34999.0,-744302,Bonds,1678530
US10,2023-09-05,454880,1246415,29457.0,15439.0,-791535,Bonds,1701295
US10,2023-08-29,425423,1230976,-99638.0,11040.0,-805553,Bonds,1656399
US10,2023-08-22,525061,1219936,29851.0,-22202.0,-694875,Bonds,1744997
US10,2023-08-15,495210,1242138,-29484.0,25718.0,-746928,Bonds,1737348
US10,2023-08-08,524694,1216420,55202.0,101742.0,-691726,Bonds,1741114
US10,2023-08-01,469492,1114678,25585.0,47000.0,-645186,Bonds,1584170
US10,2023-07-25,443907,1067678,5340.0,-450.0,-623771,Bonds,1511585
US10,2023-07-18,438567,1068128,-79638.0,-85214.0,-629561,Bonds,1506695
US10,2023-07-11,518205,1153342,83749.0,-61792.0,-635137,Bonds,1671547
US10,2023-07-03,434456,1215134,21463.0,1142.0,-780678,Bonds,1649590
US10,2023-06-27,412993,1213992,-12972.0,38030.0,-800999,Bonds,1626985
US10,2023-06-20,425965,1175962,-11437.0,46707.0,-749997,Bonds,1601927
US10,2023-06-13,437402,1129255,26625.0,-35223.0,-691853,Bonds,1566657
US10,2023-06-06,410777,1164478,-1729.0,-98449.0,-753701,Bonds,1575255
US10,2023-05-30,412506,1262927,-67526.0,11257.0,-850421,Bonds,1675433
US10,2023-05-23,480032,1251670,-47458.0,31738.0,-771638,Bonds,1731702
US10,2023-05-16,527490,1219932,74413.0,35157.0,-692442,Bonds,1747422
US10,2023-05-09,453077,1184775,30660.0,13211.0,-731698,Bonds,1637852
US10,2023-05-02,422417,1171564,32689.0,41575.0,-749147,Bonds,1593981
US10,2023-04-25,389728,1129989,-83344.0,-23164.0,-740261,Bonds,1519717
US10,2023-04-18,473072,1153153,54992.0,96036.0,-680081,Bonds,1626225
US10,2023-04-11,418080,1057117,51287.0,69293.0,-639037,Bonds,1475197
US10,2023-04-04,366793,987824,-63805.0,85648.0,-621031,Bonds,1354617
US10,2023-03-28,430598,902176,51494.0,-47957.0,-471578,Bonds,1332774
US10,2023-03-21,379104,950133,-54937.0,8726.0,-571029,Bonds,1329237
US10,2023-03-14,434041,941407,-9963.0,-58670.0,-507366,Bonds,1375448
US10,2023-03-07,444004,1000077,42507.0,-29367.0,-556073,Bonds,1444081
US10,2023-02-28,401497,1029444,-21670.0,105617.0,-627947,Bonds,1430941
US10,2023-02-21,423167,923827,16448.0,-45827.0,-500660,Bonds,1346994
US10,2023-02-14,406719,969654,-5103.0,-28068.0,-562935,Bonds,1376373
US10,2023-02-07,411822,997722,44089.0,74518.0,-585900,Bonds,1409544
US10,2023-01-31,367733,923204,8556.0,22206.0,-555471,Bonds,1290937
US10,2023-01-24,359177,900998,25155.0,21919.0,-541821,Bonds,1260175
US10,2023-01-17,334022,879079,-21967.0,111732.0,-545057,Bonds,1213101
US10,2023-01-10,355989,767347,-49792.0,-22036.0,-411358,Bonds,1123336
US10,2023-01-03,405781,789383,-21733.0,17660.0,-383602,Bonds,1195164
USOil,2023-12-26,340839,141555,6104.0,-10437.0,199284,Commodity,482394
USOil,2023-12-19,334735,151992,-11250.0,-42394.0,182743,Commodity,486727
USOil,2023-12-12,345985,194386,-3676.0,13715.0,151599,Commodity,540371
USOil,2023-12-05,349661,180671,-2721.0,11460.0,168990,Commodity,530332
USOil,2023-11-28,352382,169211,1597.0,25750.0,183171,Commodity,521593
USOil,2023-11-21,350785,143461,-13594.0,-5184.0,207324,Commodity,494246
USOil,2023-11-14,364379,148645,-16772.0,3464.0,215734,Commodity,513024
USOil,2023-11-07,381151,145181,-2631.0,23657.0,235970,Commodity,526332
USOil,2023-10-31,383782,121524,-12748.0,25759.0,262258,Commodity,505306
USOil,2023-10-24,396530,95765,7687.0,13310.0,300765,Commodity,492295
USOil,2023-10-17,388843,82455,-23981.0,-8395.0,306388,Commodity,471298
USOil,2023-10-10,412824,90850,-48383.0,-20797.0,321974,Commodity,503674
USOil,2023-10-03,461207,111647,-7844.0,-7349.0,349560,Commodity,572854
USOil,2023-09-26,469051,118996,26763.0,5134.0,350055,Commodity,588047
USOil,2023-09-19,442288,113862,13490.0,11935.0,328426,Commodity,556150
USOil,2023-09-12,428798,101927,28326.0,777.0,326871,Commodity,530725
USOil,2023-09-05,400472,101150,41273.0,-17144.0,299322,Commodity,501622
USOil,2023-08-29,359199,118294,-3285.0,-9819.0,240905,Commodity,477493
USOil,2023-08-22,362484,128113,-8684.0,-947.0,234371,Commodity,490597
USOil,2023-08-15,371168,129060,-7819.0,6001.0,242108,Commodity,500228
USOil,2023-08-08,378987,123059,15261.0,1192.0,255928,Commodity,502046
USOil,2023-08-01,363726,121867,13219.0,-3444.0,241859,Commodity,485593
USOil,2023-07-25,350507,125311,-8834.0,-27931.0,225196,Commodity,475818
USOil,2023-07-18,359341,153242,20044.0,-12622.0,206099,Commodity,512583
USOil,2023-07-11,339297,165864,22299.0,-9705.0,173433,Commodity,505161
USOil,2023-07-03,316998,175569,-21080.0,-24121.0,141429,Commodity,492567
USOil,2023-06-27,338078,199690,-2996.0,25093.0,138388,Commodity,537768
USOil,2023-06-20,341074,174597,-12486.0,-23889.0,166477,Commodity,515671
USOil,2023-06-13,353560,198486,14242.0,31610.0,155074,Commodity,552046
USOil,2023-06-06,339318,166876,17233.0,7382.0,172442,Commodity,506194
USOil,2023-05-30,322085,159494,4485.0,35013.0,162591,Commodity,481579
USOil,2023-05-23,317600,124481,-10371.0,-12021.0,193119,Commodity,442081
USOil,2023-05-16,327971,136502,-10184.0,14975.0,191469,Commodity,464473
USOil,2023-05-09,338155,121527,14418.0,12635.0,216628,Commodity,459682
USOil,2023-05-02,323737,108892,-94.0,21499.0,214845,Commodity,432629
USOil,2023-04-25,323831,87393,1698.0,9835.0,236438,Commodity,411224
USOil,2023-04-18,322133,77558,12136.0,3193.0,244575,Commodity,399691
USOil,2023-04-11,309997,74365,2482.0,-7023.0,235632,Commodity,384362
USOil,2023-04-04,307515,81388,17862.0,-27196.0,226127,Commodity,388903
USOil,2023-03-28,289653,108584,-13687.0,-40415.0,181069,Commodity,398237
USOil,2023-03-21,303340,148999,813.0,22691.0,154341,Commodity,452339
USOil,2023-03-14,302527,126308,-16612.0,14070.0,176219,Commodity,428835
USOil,2023-03-07,319139,112238,-8016.0,397.0,206901,Commodity,431377
USOil,2023-02-28,327155,111841,4533.0,8890.0,215314,Commodity,438996
USOil,2023-02-21,322622,102951,-12619.0,-4749.0,219671,Commodity,425573
USOil,2023-02-14,335241,107700,3279.0,-111.0,227541,Commodity,442941
USOil,2023-02-07,331962,107811,-3112.0,16557.0,224151,Commodity,439773
USOil,2023-01-31,335074,91254,6594.0,12573.0,243820,Commodity,426328
USOil,2023-01-24,328480,78681,8939.0,-1642.0,249799,Commodity,407161
USOil,2023-01-17,319541,80323,12371.0,-21611.0,239218,Commodity,399864
USOil,2023-01-10,307170,101934,-16376.0,5995.0,205236,Commodity,409104
USOil,2023-01-03,323546,95939,-1471.0,18540.0,227607,Commodity,419485
XAU,2023-12-26,289843,82125,8871.0,2492.0,207718,Commodity,371968
XAU,2023-12-19,280972,79633,7436.0,-5670.0,201339,Commodity,360605
XAU,2023-12-12,273536,85303,-15304.0,7.0,188233,Commodity,358839
XAU,2023-12-05,288840,85296,-1005.0,-4465.0,203544,Commodity,374136
XAU,2023-11-28,289845,89761,20144.0,-8235.0,200084,Commodity,379606
XAU,2023-11-21,269701,97996,15349.0,-980.0,171705,Commodity,367697
XAU,2023-11-14,254352,98976,-7301.0,3539.0,155376,Commodity,353328
XAU,2023-11-07,261653,95437,600.0,-2191.0,166216,Commodity,357090
XAU,2023-10-31,261053,97628,9584.0,-4456.0,163425,Commodity,358681
XAU,2023-10-24,251469,102084,20057.0,-16590.0,149385,Commodity,353553
XAU,2023-10-17,231412,118674,11080.0,-30225.0,112738,Commodity,350086
XAU,2023-10-10,220332,148899,-8074.0,11719.0,71433,Commodity,369231
XAU,2023-10-03,228406,137180,-7154.0,17435.0,91226,Commodity,365586
XAU,2023-09-26,235560,119745,-2156.0,17192.0,115815,Commodity,355305
XAU,2023-09-19,237716,102553,2012.0,-9287.0,135163,Commodity,340269
XAU,2023-09-12,235704,111840,-98.0,14044.0,123864,Commodity,347544
XAU,2023-09-05,235802,97796,-252.0,-14986.0,138006,Commodity,333598
XAU,2023-08-29,236054,112782,9714.0,-11612.0,123272,Commodity,348836
XAU,2023-08-22,226340,124394,-6738.0,12452.0,101946,Commodity,350734
XAU,2023-08-15,233078,111942,4232.0,26081.0,121136,Commodity,345020
XAU,2023-08-08,228846,85861,-10139.0,11800.0,142985,Commodity,314707
XAU,2023-08-01,238985,74061,-9244.0,-529.0,164924,Commodity,313046
XAU,2023-07-25,248229,74590,-15511.0,4198.0,173639,Commodity,322819
XAU,2023-07-18,263740,70392,23194.0,-4400.0,193348,Commodity,334132
XAU,2023-07-11,240546,74792,5465.0,2808.0,165754,Commodity,315338
XAU,2023-07-03,235081,71984,14200.0,3013.0,163097,Commodity,307065
XAU,2023-06-27,220881,68971,-8427.0,2638.0,151910,Commodity,289852
XAU,2023-06-20,229308,66333,1991.0,-775.0,162975,Commodity,295641
XAU,2023-06-13,227317,67108,-10150.0,5282.0,160209,Commodity,294425
XAU,2023-06-06,237467,61826,161.0,-6164.0,175641,Commodity,299293
XAU,2023-05-30,237306,67990,1157.0,-7427.0,169316,Commodity,305296
XAU,2023-05-23,236149,75417,-19101.0,-19.0,160732,Commodity,311566
XAU,2023-05-16,255250,75436,-11222.0,4778.0,179814,Commodity,330686
XAU,2023-05-09,266472,70658,4059.0,3812.0,195814,Commodity,337130
XAU,2023-05-02,262413,66846,9227.0,-1076.0,195567,Commodity,329259
XAU,2023-04-25,253186,67922,-6875.0,-2246.0,185264,Commodity,321108
XAU,2023-04-18,260061,70168,-104.0,2748.0,189893,Commodity,330229
XAU,2023-04-11,260165,67420,-5999.0,-3528.0,192745,Commodity,327585
XAU,2023-04-04,266164,70948,21029.0,7443.0,195216,Commodity,337112
XAU,2023-03-28,245135,63505,7244.0,-15781.0,181630,Commodity,308640
XAU,2023-03-21,237891,79286,7068.0,-11206.0,158605,Commodity,317177
XAU,2023-03-14,230823,90492,15249.0,-26608.0,140331,Commodity,321315
XAU,2023-03-07,215574,117100,7155.0,17274.0,98474,Commodity,332674
XAU,2023-02-28,208419,99826,-1766.0,-3258.0,108593,Commodity,308245
XAU,2023-02-21,210185,103084,-189.0,-1761.0,107101,Commodity,313269
XAU,2023-02-14,210374,104845,-12924.0,10362.0,105529,Commodity,315219
XAU,2023-02-07,223298,94483,-33119.0,-1653.0,128815,Commodity,317781
XAU,2023-01-31,256417,96136,3106.0,498.0,160281,Commodity,352553
XAU,2023-01-24,253311,95638,6437.0,2004.0,157673,Commodity,348949
XAU,2023-01-17,246874,93634,3308.0,603.0,153240,Commodity,340508
XAU,2023-01-10,243566,93031,12765.0,3896.0,150535,Commodity,336597
XAU,2023-01-03,230801,89135,1276.0,-3510.0,141666,Commodity,319936
CAD,2023-12-26,41685,76406,12823.0,-6789.0,-34721,Forex,118091
CAD,2023-12-19,28862,83195,9405.0,8493.0,-54333,Forex,112057
CAD,2023-12-12,19457,74702,-296.0,-2899.0,-55245,Forex,94159
CAD,2023-12-05,19753,77601,762.0,-4632.0,-57848,Forex,97354
CAD,2023-11-28,18991,82233,-416.0,-2614.0,-63242,Forex,101224
CAD,2023-11-21,19407,84847,729.0,-4234.0,-65440,Forex,104254
CAD,2023-11-14,18678,89081,1507.0,4189.0,-70403,Forex,107759
CAD,2023-11-07,17171,84892,-8247.0,10142.0,-67721,Forex,102063
CAD,2023-10-31,25418,74750,3092.0,3785.0,-49332,Forex,100168
CAD,2023-10-24,22326,70965,686.0,786.0,-48639,Forex,93291
CAD,2023-10-17,21640,70179,1298.0,3348.0,-48539,Forex,91819
CAD,2023-10-10,20342,66831,-1332.0,5006.0,-46489,Forex,87173
CAD,2023-10-03,21674,61825,4668.0,12123.0,-40151,Forex,83499
CAD,2023-09-26,17006,49702,-2021.0,-17352.0,-32696,Forex,66708
CAD,2023-09-19,19027,67054,-21271.0,-15127.0,-48027,Forex,86081
CAD,2023-09-12,40298,82181,-5463.0,11457.0,-41883,Forex,122479
CAD,2023-09-05,45761,70724,3234.0,12436.0,-24963,Forex,116485
CAD,2023-08-29,42527,58288,6534.0,10225.0,-15761,Forex,100815
CAD,2023-08-22,35993,48063,-1119.0,-460.0,-12070,Forex,84056
CAD,2023-08-15,37112,48523,7631.0,18419.0,-11411,Forex,85635
CAD,2023-08-08,29481,30104,-6797.0,191.0,-623,Forex,59585
CAD,2023-08-01,36278,29913,-6481.0,-7316.0,6365,Forex,66191
CAD,2023-07-25,42759,37229,8882.0,3873.0,5530,Forex,79988
CAD,2023-07-18,33877,33356,-1195.0,2728.0,521,Forex,67233
CAD,2023-07-11,35072,30628,-9106.0,-9023.0,4444,Forex,65700
CAD,2023-07-03,44178,39651,-6129.0,-13503.0,4527,Forex,83829
CAD,2023-06-27,50307,53154,22120.0,-8576.0,-2847,Forex,103461
CAD,2023-06-20,28187,61730,12651.0,9526.0,-33543,Forex,89917
CAD,2023-06-13,15536,52204,-6173.0,-7834.0,-36668,Forex,67740
CAD,2023-06-06,21709,60038,-15910.0,-7495.0,-38329,Forex,81747
CAD,2023-05-30,37619,67533,17231.0,-1381.0,-29914,Forex,105152
CAD,2023-05-23,20388,68914,-8126.0,-2590.0,-48526,Forex,89302
CAD,2023-05-16,28514,71504,-1095.0,-368.0,-42990,Forex,100018
CAD,2023-05-09,29609,71872,1710.0,-6123.0,-42263,Forex,101481
CAD,2023-05-02,27899,77995,3604.0,9909.0,-50096,Forex,105894
CAD,2023-04-25,24295,68086,6489.0,4047.0,-43791,Forex,92381
CAD,2023-04-18,17806,64039,892.0,-9454.0,-46233,Forex,81845
CAD,2023-04-11,16914,73493,307.0,-1623.0,-56579,Forex,90407
CAD,2023-04-04,16607,75116,-3065.0,-1381.0,-58509,Forex,91723
CAD,2023-03-28,19672,76497,860.0,864.0,-56825,Forex,96169
CAD,2023-03-21,18812,75633,-41926.0,-16820.0,-56821,Forex,94445
CAD,2023-03-14,60738,92453,-1370.0,1143.0,-31715,Forex,153191
CAD,2023-03-07,62108,91310,30509.0,23637.0,-29202,Forex,153418
CAD,2023-02-28,31599,67673,9710.0,8281.0,-36074,Forex,99272
CAD,2023-02-21,21889,59392,-2577.0,-568.0,-37503,Forex,81281
CAD,2023-02-14,24466,59960,-8826.0,-6423.0,-35494,Forex,84426
CAD,2023-02-07,33292,66383,6888.0,9795.0,-33091,Forex,99675
CAD,2023-01-31,26404,56588,426.0,-102.0,-30184,Forex,82992
CAD,2023-01-24,25978,56690,5081.0,8534.0,-30712,Forex,82668
CAD,2023-01-17,20897,48156,-1269.0,-4965.0,-27259,Forex,69053
CAD,2023-01-10,22166,53121,-3331.0,858.0,-30955,Forex,75287
CAD,2023-01-03,25497,52263,-3382.0,-6649.0,-26766,Forex,77760
CHF,2023-12-26,8422,11867,1699.0,-944.0,-3445,Forex,20289
CHF,2023-12-19,6723,12811,2753.0,-5633.0,-6088,Forex,19534
CHF,2023-12-12,3970,18444,238.0,-3140.0,-14474,Forex,22414
CHF,2023-12-05,3732,21584,-568.0,-3005.0,-17852,Forex,25316
CHF,2023-11-28,4300,24589,-427.0,868.0,-20289,Forex,28889
CHF,2023-11-21,4727,23721,-788.0,-1945.0,-18994,Forex,28448
CHF,2023-11-14,5515,25666,-2539.0,50.0,-20151,Forex,31181
CHF,2023-11-07,8054,25616,-834.0,1818.0,-17562,Forex,33670
CHF,2023-10-31,8888,23798,-919.0,-1104.0,-14910,Forex,32686
CHF,2023-10-24,9807,24902,-520.0,-2503.0,-15095,Forex,34709
CHF,2023-10-17,10327,27405,-1306.0,-303.0,-17078,Forex,37732
CHF,2023-10-10,11633,27708,490.0,-177.0,-16075,Forex,39341
CHF,2023-10-03,11143,27885,-1234.0,6393.0,-16742,Forex,39028
CHF,2023-09-26,12377,21492,181.0,1361.0,-9115,Forex,33869
CHF,2023-09-19,12196,20131,3187.0,1784.0,-7935,Forex,32327
CHF,2023-09-12,9009,18347,-2485.0,1528.0,-9338,Forex,27356
CHF,2023-09-05,11494,16819,3241.0,4048.0,-5325,Forex,28313
CHF,2023-08-29,8253,12771,-1947.0,-1295.0,-4518,Forex,21024
CHF,2023-08-22,10200,14066,1507.0,1366.0,-3866,Forex,24266
CHF,2023-08-15,8693,12700,184.0,-1261.0,-4007,Forex,21393
CHF,2023-08-08,8509,13961,1210.0,-2085.0,-5452,Forex,22470
CHF,2023-08-01,7299,16046,-505.0,-189.0,-8747,Forex,23345
CHF,2023-07-25,7804,16235,1032.0,-748.0,-8431,Forex,24039
CHF,2023-07-18,6772,16983,-645.0,1659.0,-10211,Forex,23755
CHF,2023-07-11,7417,15324,-3217.0,1286.0,-7907,Forex,22741
CHF,2023-07-03,10634,14038,4007.0,2465.0,-3404,Forex,24672
CHF,2023-06-27,6627,11573,-1695.0,-1600.0,-4946,Forex,18200
CHF,2023-06-20,8322,13173,-64.0,-256.0,-4851,Forex,21495
CHF,2023-06-13,8386,13429,-3193.0,536.0,-5043,Forex,21815
CHF,2023-06-06,11579,12893,3097.0,3976.0,-1314,Forex,24472
CHF,2023-05-30,8482,8917,-1785.0,-2253.0,-435,Forex,17399
CHF,2023-05-23,10267,11170,1706.0,750.0,-903,Forex,21437
CHF,2023-05-16,8561,10420,1505.0,-1103.0,-1859,Forex,18981
CHF,2023-05-09,7056,11523,-1174.0,294.0,-4467,Forex,18579
CHF,2023-05-02,8230,11229,1674.0,1017.0,-2999,Forex,19459
CHF,2023-04-25,6556,10212,1209.0,145.0,-3656,Forex,16768
CHF,2023-04-18,5347,10067,1192.0,-822.0,-4720,Forex,15414
CHF,2023-04-11,4155,10889,1197.0,-72.0,-6734,Forex,15044
CHF,2023-04-04,2958,10961,-1020.0,909.0,-8003,Forex,13919
CHF,2023-03-28,3978,10052,-875.0,-2098.0,-6074,Forex,14030
CHF,2023-03-21,4853,12150,1259.0,-1409.0,-7297,Forex,17003
CHF,2023-03-14,3594,13559,-6800.0,-785.0,-9965,Forex,17153
CHF,2023-03-07,10394,14344,1518.0,551.0,-3950,Forex,24738
CHF,2023-02-28,8876,13793,1633.0,30.0,-4917,Forex,22669
CHF,2023-02-21,7243,13763,2542.0,1594.0,-6520,Forex,21006
CHF,2023-02-14,4701,12169,-2351.0,-1251.0,-7468,Forex,16870
CHF,2023-02-07,7052,13420,1388.0,-558.0,-6368,Forex,20472
CHF,2023-01-31,5664,13978,2040.0,846.0,-8314,Forex,19642
CHF,2023-01-24,3624,13132,-295.0,1272.0,-9508,Forex,16756
CHF,2023-01-17,3919,11860,251.0,822.0,-7941,Forex,15779
CHF,2023-01-10,3668,11038,-2964.0,1552.0,-7370,Forex,14706
CHF,2023-01-03,6632,9486,2703.0,1426.0,-2854,Forex,16118
GBP,2023-12-26,58750,44658,-10060.0,-4226.0,14092,Forex,103408
GBP,2023-12-19,68810,48884,-3201.0,-1546.0,19926,Forex,117694
GBP,2023-12-12,72011,50430,5652.0,-4264.0,21581,Forex,122441
GBP,2023-12-05,66359,54694,5063.0,-14497.0,11665,Forex,121053
GBP,2023-11-28,61296,69191,17996.0,-207.0,-7895,Forex,130487
GBP,2023-11-21,43300,69398,-9497.0,-11129.0,-26098,Forex,112698
GBP,2023-11-14,52797,80527,-4735.0,6743.0,-27730,Forex,133324
GBP,2023-11-07,57532,73784,-6180.0,-10299.0,-16252,Forex,131316
GBP,2023-10-31,63712,84083,-3407.0,-1672.0,-20371,Forex,147795
GBP,2023-10-24,67119,85755,1582.0,9009.0,-18636,Forex,152874
GBP,2023-10-17,65537,76746,-753.0,408.0,-11209,Forex,142283
GBP,2023-10-10,66290,76338,-7621.0,-4253.0,-10048,Forex,142628
GBP,2023-10-03,73911,80591,-10839.0,11510.0,-6680,Forex,154502
GBP,2023-09-26,84750,69081,-345.0,17669.0,15669,Forex,153831
GBP,2023-09-19,85095,51412,-12270.0,221.0,33683,Forex,136507
GBP,2023-09-12,97365,51191,4720.0,4930.0,46174,Forex,148556
GBP,2023-09-05,92645,46261,-4498.0,-2481.0,46384,Forex,138906
GBP,2023-08-29,97143,48742,-918.0,9788.0,48401,Forex,145885
GBP,2023-08-22,98061,38954,7520.0,-599.0,59107,Forex,137015
GBP,2023-08-15,90541,39553,7302.0,3334.0,50988,Forex,130094
GBP,2023-08-08,83239,36219,-8936.0,-6394.0,47020,Forex,119458
GBP,2023-08-01,92175,42613,-13323.0,-3890.0,49562,Forex,134788
GBP,2023-07-25,105498,46503,-29771.0,-25037.0,58995,Forex,152001
GBP,2023-07-18,135269,71540,23602.0,17936.0,63729,Forex,206809
GBP,2023-07-11,111667,53604,15206.0,7408.0,58063,Forex,165271
GBP,2023-07-03,96461,46196,-7921.0,-6192.0,50265,Forex,142657
GBP,2023-06-27,104382,52388,2815.0,-2571.0,51994,Forex,156770
GBP,2023-06-20,101567,54959,25184.0,-14689.0,46608,Forex,156526
GBP,2023-06-13,76383,69648,11320.0,17069.0,6735,Forex,146031
GBP,2023-06-06,65063,52579,-5257.0,-4506.0,12484,Forex,117642
GBP,2023-05-30,70320,57085,1117.0,-529.0,13235,Forex,127405
GBP,2023-05-23,69203,57614,-8185.0,-7181.0,11589,Forex,126817
GBP,2023-05-16,77388,64795,5827.0,-2238.0,12593,Forex,142183
GBP,2023-05-09,71561,67033,12900.0,9437.0,4528,Forex,138594
GBP,2023-05-02,58661,57596,-744.0,4030.0,1065,Forex,116257
GBP,2023-04-25,59405,53566,5571.0,1034.0,5839,Forex,112971
GBP,2023-04-18,53834,52532,-1094.0,-4794.0,1302,Forex,106366
GBP,2023-04-11,54928,57326,8513.0,-3882.0,-2398,Forex,112254
GBP,2023-04-04,46415,61208,18060.0,8769.0,-14793,Forex,107623
GBP,2023-03-28,28355,52439,-297.0,3289.0,-24084,Forex,80794
GBP,2023-03-21,28652,49150,-3682.0,-498.0,-20498,Forex,77802
GBP,2023-03-14,32334,49648,-16777.0,-16865.0,-17314,Forex,81982
GBP,2023-03-07,49111,66513,7549.0,1227.0,-17402,Forex,115624
GBP,2023-02-28,41562,65286,-3913.0,-1605.0,-23724,Forex,106848
GBP,2023-02-21,45475,66891,3277.0,4898.0,-21416,Forex,112366
GBP,2023-02-14,42198,61993,-4933.0,741.0,-19795,Forex,104191
GBP,2023-02-07,47131,61252,10897.0,6701.0,-14121,Forex,108383
GBP,2023-01-31,36234,54551,1478.0,-4139.0,-18317,Forex,90785
GBP,2023-01-24,34756,58690,-6713.0,-7476.0,-23934,Forex,93446
GBP,2023-01-17,41469,66166,5462.0,703.0,-24697,Forex,107635
GBP,2023-01-10,36007,65463,-7618.0,1537.0,-29456,Forex,101470
GBP,2023-01-03,43625,63926,3040.0,12454.0,-20301,Forex,107551
JPY,2023-12-26,37321,92889,5587.0,-3747.0,-55568,Forex,130210
JPY,2023-12-19,31734,96636,3508.0,-12721.0,-64902,Forex,128370
JPY,2023-12-12,28226,109357,-40.0,-23865.0,-81131,Forex,137583
JPY,2023-12-05,28266,133222,-2195.0,-6476.0,-104956,Forex,161488
JPY,2023-11-28,30461,139698,-8775.0,-4992.0,-109237,Forex,170159
JPY,2023-11-21,39236,144690,11464.0,-13331.0,-105454,Forex,183926
JPY,2023-11-14,27772,158021,534.0,26743.0,-130249,Forex,185793
JPY,2023-11-07,27238,131278,-10403.0,-10211.0,-104040,Forex,158516
JPY,2023-10-31,37641,141489,6677.0,10896.0,-103848,Forex,179130
JPY,2023-10-24,30964,130593,-2175.0,-5204.0,-99629,Forex,161557
JPY,2023-10-17,33139,135797,-3641.0,-459.0,-102658,Forex,168936
JPY,2023-10-10,36780,136256,-10764.0,-25276.0,-99476,Forex,173036
JPY,2023-10-03,47544,161532,1375.0,5851.0,-113988,Forex,209076
JPY,2023-09-26,46169,155681,432.0,8325.0,-109512,Forex,201850
JPY,2023-09-19,45737,147356,7490.0,10396.0,-101619,Forex,193093
JPY,2023-09-12,38247,136960,1233.0,2810.0,-98713,Forex,175207
JPY,2023-09-05,37014,134150,12224.0,10887.0,-97136,Forex,171164
JPY,2023-08-29,24790,123263,-3890.0,-740.0,-98473,Forex,148053
JPY,2023-08-22,28680,124003,-6109.0,8253.0,-95323,Forex,152683
JPY,2023-08-15,34789,115750,11654.0,9435.0,-80961,Forex,150539
JPY,2023-08-08,23135,106315,-3714.0,250.0,-83180,Forex,129450
JPY,2023-08-01,26849,106065,-3509.0,-2045.0,-79216,Forex,132914
JPY,2023-07-25,30358,108110,582.0,-11905.0,-77752,Forex,138468
JPY,2023-07-18,29776,120015,-62.0,-27005.0,-90239,Forex,149791
JPY,2023-07-11,29838,147020,-11875.0,-12613.0,-117182,Forex,176858
JPY,2023-07-03,41713,159633,3695.0,8745.0,-117920,Forex,201346
JPY,2023-06-27,38018,150888,5774.0,10988.0,-112870,Forex,188906
JPY,2023-06-20,32244,139900,-4844.0,-1164.0,-107656,Forex,172144
JPY,2023-06-13,37088,141064,2937.0,2096.0,-103976,Forex,178152
JPY,2023-06-06,34151,138968,-6585.0,2039.0,-104817,Forex,173119
JPY,2023-05-30,40736,136929,3976.0,19509.0,-96193,Forex,177665
JPY,2023-05-23,36760,117420,7266.0,23135.0,-80660,Forex,154180
JPY,2023-05-16,29494,94285,7265.0,11041.0,-64791,Forex,123779
JPY,2023-05-09,22229,83244,-5859.0,-13168.0,-61015,Forex,105473
JPY,2023-05-02,28088,96412,14408.0,13988.0,-68324,Forex,124500
JPY,2023-04-25,13680,82424,-1981.0,9894.0,-68744,Forex,96104
JPY,2023-04-18,15661,72530,3728.0,3390.0,-56869,Forex,88191
JPY,2023-04-11,11933,69140,410.0,581.0,-57207,Forex,81073
JPY,2023-04-04,11523,68559,1806.0,4867.0,-57036,Forex,80082
JPY,2023-03-28,9717,63692,2462.0,-9908.0,-53975,Forex,73409
JPY,2023-03-21,7255,73600,-3793.0,-12242.0,-66345,Forex,80855
JPY,2023-03-14,11048,85842,-6093.0,-6602.0,-74794,Forex,96890
JPY,2023-03-07,17141,92444,-10562.0,6063.0,-75303,Forex,109585
JPY,2023-02-28,27703,86381,-4783.0,19866.0,-58678,Forex,114084
JPY,2023-02-21,32486,66515,9407.0,15593.0,-34029,Forex,99001
JPY,2023-02-14,23079,50922,6523.0,5277.0,-27843,Forex,74001
JPY,2023-02-07,16556,45645,-5994.0,3035.0,-29089,Forex,62201
JPY,2023-01-31,22550,42610,-5070.0,-6645.0,-20060,Forex,65160
JPY,2023-01-24,27620,49255,-1838.0,-3164.0,-21635,Forex,76875
JPY,2023-01-17,29458,52419,3063.0,-9353.0,-22961,Forex,81877
JPY,2023-01-10,26395,61772,1018.0,-10469.0,-35377,Forex,88167
JPY,2023-01-03,25377,72241,-4308.0,4826.0,-46864,Forex,97618
USD,2023-12-26,15047,11910,-805.0,0.0,3137,Forex,26957
USD,2023-12-19,15852,11910,-12248.0,1411.0,3942,Forex,27762
USD,2023-12-12,28100,10499,-99.0,2244.0,17601,Forex,38599
USD,2023-12-05,28199,8255,-599.0,-1456.0,19944,Forex,36454
USD,2023-11-28,28798,9711,255.0,1865.0,19087,Forex,38509
USD,2023-11-21,28543,7846,1272.0,309.0,20697,Forex,36389
USD,2023-11-14,27271,7537,-595.0,-858.0,19734,Forex,34808
USD,2023-11-07,27866,8395,295.0,-191.0,19471,Forex,36261
USD,2023-10-31,27571,8586,-559.0,127.0,18985,Forex,36157
USD,2023-10-24,28130,8459,-404.0,-908.0,19671,Forex,36589
USD,2023-10-17,28534,9367,960.0,1270.0,19167,Forex,37901
USD,2023-10-10,27574,8097,-483.0,-1145.0,19477,Forex,35671
USD,2023-10-03,28057,9242,1451.0,-606.0,18815,Forex,37299
USD,2023-09-26,26606,9848,2024.0,900.0,16758,Forex,36454
USD,2023-09-19,24582,8948,-563.0,-10126.0,15634,Forex,33530
USD,2023-09-12,25145,19074,2264.0,-448.0,6071,Forex,44219
USD,2023-09-05,22881,19522,-1.0,-537.0,3359,Forex,42403
USD,2023-08-29,22882,20059,-446.0,1320.0,2823,Forex,42941
USD,2023-08-22,23328,18739,3711.0,4113.0,4589,Forex,42067
USD,2023-08-15,19617,14626,2370.0,3.0,4991,Forex,34243
USD,2023-08-08,17247,14623,-1247.0,-756.0,2624,Forex,31870
USD,2023-08-01,18494,15379,-2764.0,175.0,3115,Forex,33873
USD,2023-07-25,21258,15204,-6152.0,-1139.0,6054,Forex,36462
USD,2023-07-18,27410,16343,6669.0,7613.0,11067,Forex,43753
USD,2023-07-11,20741,8730,474.0,2780.0,12011,Forex,29471
USD,2023-07-03,20267,5950,-998.0,-347.0,14317,Forex,26217
USD,2023-06-27,21265,6297,293.0,186.0,14968,Forex,27562
USD,2023-06-20,20972,6111,-1444.0,-2307.0,14861,Forex,27083
USD,2023-06-13,22416,8418,-2375.0,-4154.0,13998,Forex,30834
USD,2023-06-06,24791,12572,864.0,1413.0,12219,Forex,37363
USD,2023-05-30,23927,11159,1733.0,205.0,12768,Forex,35086
USD,2023-05-23,22194,10954,1525.0,-201.0,11240,Forex,33148
USD,2023-05-16,20669,11155,-987.0,655.0,9514,Forex,31824
USD,2023-05-09,21656,10500,-1332.0,-1138.0,11156,Forex,32156
USD,2023-05-02,22988,11638,-1161.0,-1772.0,11350,Forex,34626
USD,2023-04-25,24149,13410,-1043.0,-1269.0,10739,Forex,37559
USD,2023-04-18,25192,14679,-898.0,1853.0,10513,Forex,39871
USD,2023-04-11,26090,12826,516.0,1358.0,13264,Forex,38916
USD,2023-04-04,25574,11468,1022.0,-365.0,14106,Forex,37042
USD,2023-03-28,24552,11833,-1706.0,-281.0,12719,Forex,36385
USD,2023-03-21,26258,12114,-188.0,-575.0,14144,Forex,38372
USD,2023-03-14,26446,12689,-219.0,-1420.0,13757,Forex,39135
USD,2023-03-07,26665,14109,-495.0,-1175.0,12556,Forex,40774
USD,2023-02-28,27160,15284,691.0,1013.0,11876,Forex,42444
USD,2023-02-21,26469,14271,2485.0,2261.0,12198,Forex,40740
USD,2023-02-14,23984,12010,-45.0,250.0,11974,Forex,35994
USD,2023-02-07,24029,11760,-5192.0,-924.0,12269,Forex,35789
USD,2023-01-31,29221,12684,-4070.0,-5444.0,16537,Forex,41905
USD,2023-01-24,33291,18128,1597.0,-208.0,15163,Forex,51419
USD,2023-01-17,31694,18336,-2234.0,948.0,13358,Forex,50030
USD,2023-01-10,33928,17388,757.0,1978.0,16540,Forex,51316
USD,2023-01-03,33171,15410,29.0,-791.0,17761,Forex,48581
EUR,2023-12-26,211195,93804,3117.0,318.0,117391,Forex,304999
EUR,2023-12-19,208078,93486,-23759.0,8976.0,114592,Forex,301564
EUR,2023-12-12,231837,84510,-3847.0,1186.0,147327,Forex,316347
EUR,2023-12-05,235684,83324,2230.0,-6965.0,152360,Forex,319008
EUR,2023-11-28,233454,90289,2359.0,-11152.0,143165,Forex,323743
EUR,2023-11-21,231095,101441,9905.0,-10842.0,129654,Forex,332536
EUR,2023-11-14,221190,112283,8707.0,-11144.0,108907,Forex,333473
EUR,2023-11-07,212483,123427,1649.0,-2018.0,89056,Forex,335910
EUR,2023-10-31,210834,125445,-4735.0,-4871.0,85389,Forex,336279
EUR,2023-10-24,215569,130316,1256.0,-1587.0,85253,Forex,345885
EUR,2023-10-17,214313,131903,6791.0,-87.0,82410,Forex,346216
EUR,2023-10-10,207522,131990,-4261.0,-850.0,75532,Forex,339512
EUR,2023-10-03,211783,132840,267.0,19723.0,78943,Forex,344623
EUR,2023-09-26,211516,113117,4092.0,7674.0,98399,Forex,324633
EUR,2023-09-19,207424,105443,-4952.0,6147.0,101981,Forex,312867
EUR,2023-09-12,212376,99296,-23356.0,-205.0,113080,Forex,311672
EUR,2023-09-05,235732,99501,5190.0,15638.0,136231,Forex,335233
EUR,2023-08-29,230542,83863,-8849.0,3232.0,146679,Forex,314405
EUR,2023-08-22,239391,80631,6925.0,8028.0,158760,Forex,320022
EUR,2023-08-15,232466,72603,4418.0,-5634.0,159863,Forex,305069
EUR,2023-08-08,228048,78237,-12026.0,10225.0,149811,Forex,306285
EUR,2023-08-01,240074,68012,-10573.0,-5405.0,172062,Forex,308086
EUR,2023-07-25,250647,73417,-13867.0,-12265.0,177230,Forex,324064
EUR,2023-07-18,264514,85682,40163.0,1493.0,178832,Forex,350196
EUR,2023-07-11,224351,84189,3079.0,5754.0,140162,Forex,308540
EUR,2023-07-03,221272,78435,-2705.0,-514.0,142837,Forex,299707
EUR,2023-06-27,223977,78949,-5422.0,-5801.0,145028,Forex,302926
EUR,2023-06-20,229399,84750,3261.0,10434.0,144649,Forex,314149
EUR,2023-06-13,226138,74316,-9922.0,-3323.0,151822,Forex,300454
EUR,2023-06-06,236060,77639,-5757.0,1547.0,158421,Forex,313699
EUR,2023-05-30,241817,76092,-8253.0,-242.0,165725,Forex,317909
EUR,2023-05-23,250070,76334,-8666.0,4687.0,173736,Forex,326404
EUR,2023-05-16,258736,71647,-1599.0,-9266.0,187089,Forex,330383
EUR,2023-05-09,260335,80913,13503.0,7570.0,179422,Forex,341248
EUR,2023-05-02,246832,73343,3316.0,-773.0,173489,Forex,320175
EUR,2023-04-25,243516,74116,1147.0,-3892.0,169400,Forex,317632
EUR,2023-04-18,242369,78008,-1811.0,-2834.0,164361,Forex,320377
EUR,2023-04-11,244180,80842,18764.0,-1181.0,163338,Forex,325022
EUR,2023-04-04,225416,82023,2498.0,4130.0,143393,Forex,307439
EUR,2023-03-28,222918,77893,7093.0,6910.0,145025,Forex,300811
EUR,2023-03-21,215825,70983,-6488.0,-11374.0,144842,Forex,286808
EUR,2023-03-14,222313,82357,-11567.0,-3075.0,139956,Forex,304670
EUR,2023-03-07,233880,85432,-6886.0,6865.0,148448,Forex,319312
EUR,2023-02-28,240766,78567,4352.0,7221.0,162199,Forex,319333
EUR,2023-02-21,236414,71346,-160.0,-1322.0,165068,Forex,307760
EUR,2023-02-14,236574,72668,-1764.0,-632.0,163906,Forex,309242
EUR,2023-02-07,238338,73300,-8417.0,-22946.0,165038,Forex,311638
EUR,2023-01-31,246755,96246,9012.0,-7148.0,150509,Forex,343001
EUR,2023-01-24,237743,103394,9464.0,2099.0,134349,Forex,341137
EUR,2023-01-17,228279,101295,-10344.0,-2346.0,126984,Forex,329574
EUR,2023-01-10,238623,103641,16080.0,11013.0,134982,Forex,342264
EUR,2023-01-03,222543,92628,-29344.0,-13097.0,129915,Forex,315171
NZD,2023-12-26,14582,18249,20.0,295.0,-3667,Forex,32831
NZD,2023-12-19,14562,17954,1289.0,-8807.0,-3392,Forex,32516
NZD,2023-12-12,13273,26761,1477.0,-1485.0,-13488,Forex,40034
NZD,2023-12-05,11796,28246,1692.0,-1467.0,-16450,Forex,40042
NZD,2023-11-28,10104,29713,2146.0,4901.0,-19609,Forex,39817
NZD,2023-11-21,7958,24812,-860.0,-1040.0,-16854,Forex,32770
NZD,2023-11-14,8818,25852,-581.0,1513.0,-17034,Forex,34670
NZD,2023-11-07,9399,24339,-4933.0,-2810.0,-14940,Forex,33738
NZD,2023-10-31,14332,27149,884.0,850.0,-12817,Forex,41481
NZD,2023-10-24,13448,26299,-2560.0,4392.0,-12851,Forex,39747
NZD,2023-10-17,16008,21907,-2664.0,-854.0,-5899,Forex,37915
NZD,2023-10-10,18672,22761,2777.0,-784.0,-4089,Forex,41433
NZD,2023-10-03,15895,23545,5263.0,-2268.0,-7650,Forex,39440
NZD,2023-09-26,10632,25813,3014.0,-3077.0,-15181,Forex,36445
NZD,2023-09-19,7618,28890,-7179.0,-527.0,-21272,Forex,36508
NZD,2023-09-12,14797,29417,-2050.0,-1430.0,-14620,Forex,44214
NZD,2023-09-05,16847,30847,-3707.0,-83.0,-14000,Forex,47694
NZD,2023-08-29,20554,30930,-924.0,2939.0,-10376,Forex,51484
NZD,2023-08-22,21478,27991,-432.0,3645.0,-6513,Forex,49469
NZD,2023-08-15,21910,24346,3152.0,5220.0,-2436,Forex,46256
NZD,2023-08-08,18758,19126,3207.0,5161.0,-368,Forex,37884
NZD,2023-08-01,15551,13965,2618.0,83.0,1586,Forex,29516
NZD,2023-07-25,12933,13882,-260.0,-2937.0,-949,Forex,26815
NZD,2023-07-18,13193,16819,-104.0,2271.0,-3626,Forex,30012
NZD,2023-07-11,13297,14548,127.0,2208.0,-1251,Forex,27845
NZD,2023-07-03,13170,12340,-37.0,-1698.0,830,Forex,25510
NZD,2023-06-27,13207,14038,2340.0,512.0,-831,Forex,27245
NZD,2023-06-20,10867,13526,-5076.0,-3248.0,-2659,Forex,24393
NZD,2023-06-13,15943,16774,-166.0,-38.0,-831,Forex,32717
NZD,2023-06-06,16109,16812,28.0,601.0,-703,Forex,32921
NZD,2023-05-30,16081,16211,-567.0,-800.0,-130,Forex,32292
NZD,2023-05-23,16648,17011,2038.0,326.0,-363,Forex,33659
NZD,2023-05-16,14610,16685,-2851.0,-5357.0,-2075,Forex,31295
NZD,2023-05-09,17461,22042,1434.0,4098.0,-4581,Forex,39503
NZD,2023-05-02,16027,17944,2957.0,1622.0,-1917,Forex,33971
NZD,2023-04-25,13070,16322,2194.0,1542.0,-3252,Forex,29392
NZD,2023-04-18,10876,14780,-2221.0,-2798.0,-3904,Forex,25656
NZD,2023-04-11,13097,17578,-1183.0,-733.0,-4481,Forex,30675
NZD,2023-04-04,14280,18311,4560.0,1981.0,-4031,Forex,32591
NZD,2023-03-28,9720,16330,2955.0,782.0,-6610,Forex,26050
NZD,2023-03-21,6765,15548,-5420.0,-1378.0,-8783,Forex,22313
NZD,2023-03-14,12185,16926,-10230.0,138.0,-4741,Forex,29111
NZD,2023-03-07,22415,16788,1097.0,2580.0,5627,Forex,39203
NZD,2023-02-28,21318,14208,5757.0,7435.0,7110,Forex,35526
NZD,2023-02-21,15561,6773,1376.0,1591.0,8788,Forex,22334
NZD,2023-02-14,14185,5182,-1996.0,-155.0,9003,Forex,19367
NZD,2023-02-07,16181,5337,805.0,-1653.0,10844,Forex,21518
NZD,2023-01-31,15376,6990,5206.0,-1006.0,8386,Forex,22366
NZD,2023-01-24,10170,7996,-1138.0,2746.0,2174,Forex,18166
NZD,2023-01-17,11308,5250,-1299.0,-7.0,6058,Forex,16558
NZD,2023-01-10,12607,5257,-759.0,-629.0,7350,Forex,17864
NZD,2023-01-03,13366,5886,-2210.0,-2783.0,7480,Forex,19252
US30,2023-12-26,28469,17316,-1414.0,-5444.0,11153,Indices,45785
US30,2023-12-19,29883,22760,3915.0,243.0,7123,Indices,52643
US30,2023-12-12,25968,22517,-285.0,-3428.0,3451,Indices,48485
US30,2023-12-05,26253,25945,4057.0,-20859.0,308,Indices,52198
US30,2023-11-28,22196,46804,5795.0,-3905.0,-24608,Indices,69000
US30,2023-11-21,16401,50709,-4513.0,-6718.0,-34308,Indices,67110
US30,2023-11-14,20914,57427,-1816.0,-2379.0,-36513,Indices,78341
US30,2023-11-07,22730,59806,-1050.0,-85.0,-37076,Indices,82536
US30,2023-10-31,23780,59891,-1379.0,-1228.0,-36111,Indices,83671
US30,2023-10-24,25159,61119,6998.0,7747.0,-35960,Indices,86278
US30,2023-10-17,18161,53372,486.0,1045.0,-35211,Indices,71533
US30,2023-10-10,17675,52327,-1805.0,400.0,-34652,Indices,70002
US30,2023-10-03,19480,51927,1243.0,12072.0,-32447,Indices,71407
US30,2023-09-26,18237,39855,-779.0,3070.0,-21618,Indices,58092
US30,2023-09-19,19016,36785,-3772.0,1097.0,-17769,Indices,55801
US30,2023-09-12,22788,35688,543.0,1719.0,-12900,Indices,58476
US30,2023-09-05,22245,33969,-2980.0,-1256.0,-11724,Indices,56214
US30,2023-08-29,25225,35225,2299.0,-2419.0,-10000,Indices,60450
US30,2023-08-22,22926,37644,-9331.0,2166.0,-14718,Indices,60570
US30,2023-08-15,32257,35478,-770.0,6482.0,-3221,Indices,67735
US30,2023-08-08,33027,28996,-2692.0,-5143.0,4031,Indices,62023
US30,2023-08-01,35719,34139,274.0,110.0,1580,Indices,69858
US30,2023-07-25,35445,34029,5736.0,-2821.0,1416,Indices,69474
US30,2023-07-18,29709,36850,6504.0,-4940.0,-7141,Indices,66559
US30,2023-07-11,23205,41790,-1028.0,4475.0,-18585,Indices,64995
US30,2023-07-03,24233,37315,3194.0,-2646.0,-13082,Indices,61548
US30,2023-06-27,21039,39961,1704.0,4767.0,-18922,Indices,61000
US30,2023-06-20,19335,35194,269.0,548.0,-15859,Indices,54529
US30,2023-06-13,19066,34646,-804.0,-7976.0,-15580,Indices,53712
US30,2023-06-06,19870,42622,-1214.0,-40.0,-22752,Indices,62492
US30,2023-05-30,21084,42662,-982.0,-2136.0,-21578,Indices,63746
US30,2023-05-23,22066,44798,-2419.0,-1332.0,-22732,Indices,66864
US30,2023-05-16,24485,46130,-692.0,950.0,-21645,Indices,70615
US30,2023-05-09,25177,45180,-756.0,-1744.0,-20003,Indices,70357
US30,2023-05-02,25933,46924,3104.0,-1578.0,-20991,Indices,72857
US30,2023-04-25,22829,48502,3933.0,5209.0,-25673,Indices,71331
US30,2023-04-18,18896,43293,1486.0,4237.0,-24397,Indices,62189
US30,2023-04-11,17410,39056,3108.0,1129.0,-21646,Indices,56466
US30,2023-04-04,14302,37927,2112.0,2168.0,-23625,Indices,52229
US30,2023-03-28,12190,35759,-3414.0,-1993.0,-23569,Indices,47949
US30,2023-03-21,15604,37752,-4592.0,-2524.0,-22148,Indices,53356
US30,2023-03-14,20196,40276,-6988.0,387.0,-20080,Indices,60472
US30,2023-03-07,27184,39889,1568.0,-1732.0,-12705,Indices,67073
US30,2023-02-28,25616,41621,-1728.0,-1968.0,-16005,Indices,67237
US30,2023-02-21,27344,43589,-1167.0,8340.0,-16245,Indices,70933
US30,2023-02-14,28511,35249,1377.0,1832.0,-6738,Indices,63760
US30,2023-02-07,27134,33417,5795.0,2650.0,-6283,Indices,60551
US30,2023-01-31,21339,30767,233.0,-305.0,-9428,Indices,52106
US30,2023-01-24,21106,31072,-4741.0,-5388.0,-9966,Indices,52178
US30,2023-01-17,25847,36460,-96.0,1375.0,-10613,Indices,62307
US30,2023-01-10,25943,35085,695.0,-2054.0,-9142,Indices,61028
US30,2023-01-03,25248,37139,1775.0,1621.0,-11891,Indices,62387
BTC,2023-12-26,16274,18576,-243.0,-292.0,-2302,Crypto,34850
BTC,2023-12-19,16517,18868,803.0,1087.0,-2351,Crypto,35385
BTC,2023-12-12,15714,17781,-2193.0,-2376.0,-2067,Crypto,33495
BTC,2023-12-05,17907,20157,-1072.0,-567.0,-2250,Crypto,38064
BTC,2023-11-28,18979,20724,1829.0,2698.0,-1745,Crypto,39703
BTC,2023-11-21,17150,18026,1211.0,743.0,-876,Crypto,35176
BTC,2023-11-14,15939,17283,-1314.0,-1647.0,-1344,Crypto,33222
BTC,2023-11-07,17253,18930,1758.0,1689.0,-1677,Crypto,36183
BTC,2023-10-31,15495,17241,681.0,1973.0,-1746,Crypto,32736
BTC,2023-10-24,14814,15268,2048.0,2829.0,-454,Crypto,30082
BTC,2023-10-17,12766,12439,1007.0,1831.0,327,Crypto,25205
BTC,2023-10-10,11759,10608,-205.0,-300.0,1151,Crypto,22367
BTC,2023-10-03,11964,10908,1034.0,1772.0,1056,Crypto,22872
BTC,2023-09-26,10930,9136,-1939.0,-2136.0,1794,Crypto,20066
BTC,2023-09-19,12869,11272,976.0,1611.0,1597,Crypto,24141
BTC,2023-09-12,11893,9661,-40.0,-233.0,2232,Crypto,21554
BTC,2023-09-05,11933,9894,-1244.0,-1776.0,2039,Crypto,21827
BTC,2023-08-29,13177,11670,-250.0,-242.0,1507,Crypto,24847
BTC,2023-08-22,13427,11912,1446.0,-781.0,1515,Crypto,25339
BTC,2023-08-15,11981,12693,-1004.0,-1441.0,-712,Crypto,24674
BTC,2023-08-08,12985,14134,1230.0,1840.0,-1149,Crypto,27119
BTC,2023-08-01,11755,12294,-186.0,-292.0,-539,Crypto,24049
BTC,2023-07-25,11941,12586,95.0,-421.0,-645,Crypto,24527
BTC,2023-07-18,11846,13007,-476.0,-1170.0,-1161,Crypto,24853
BTC,2023-07-11,12322,14177,-532.0,-753.0,-1855,Crypto,26499
BTC,2023-07-03,12854,14930,-149.0,-167.0,-2076,Crypto,27784
BTC,2023-06-27,13003,15097,1071.0,3562.0,-2094,Crypto,28100
BTC,2023-06-20,11932,11535,1846.0,2192.0,397,Crypto,23467
BTC,2023-06-13,10086,9343,-20.0,6.0,743,Crypto,19429
BTC,2023-06-06,10106,9337,1066.0,484.0,769,Crypto,19443
BTC,2023-05-30,9040,8853,-1084.0,-378.0,187,Crypto,17893
BTC,2023-05-23,10124,9231,69.0,187.0,893,Crypto,19355
BTC,2023-05-16,10055,9044,28.0,-560.0,1011,Crypto,19099
BTC,2023-05-09,10027,9604,342.0,87.0,423,Crypto,19631
BTC,2023-05-02,9685,9517,119.0,-342.0,168,Crypto,19202
BTC,2023-04-25,9566,9859,-2063.0,-2259.0,-293,Crypto,19425
BTC,2023-04-18,11629,12118,-587.0,-1220.0,-489,Crypto,23747
BTC,2023-04-11,12216,13338,1801.0,2308.0,-1122,Crypto,25554
BTC,2023-04-04,10415,11030,-753.0,-414.0,-615,Crypto,21445
BTC,2023-03-28,11168,11444,317.0,-28.0,-276,Crypto,22612
BTC,2023-03-21,10851,11472,267.0,786.0,-621,Crypto,22323
BTC,2023-03-14,10584,10686,477.0,620.0,-102,Crypto,21270
BTC,2023-03-07,10107,10066,-1814.0,-2454.0,41,Crypto,20173
BTC,2023-02-28,11921,12520,-267.0,-480.0,-599,Crypto,24441
BTC,2023-02-21,12188,13000,413.0,442.0,-812,Crypto,25188
BTC,2023-02-14,11775,12558,-1395.0,-1790.0,-783,Crypto,24333
BTC,2023-02-07,13170,14348,-429.0,-1050.0,-1178,Crypto,27518
BTC,2023-01-31,13599,15398,563.0,925.0,-1799,Crypto,28997
BTC,2023-01-24,13036,14473,580.0,1390.0,-1437,Crypto,27509
BTC,2023-01-17,12456,13083,467.0,500.0,-627,Crypto,25539
BTC,2023-01-10,11989,12583,242.0,1225.0,-594,Crypto,24572
BTC,2023-01-03,11747,11358,-614.0,-310.0,389,Crypto,23105
SP500,2023-12-26,250264,443991,2480.0,206.0,-193727,Indices,694255
SP500,2023-12-19,247784,443785,-8775.0,127006.0,-196001,Indices,691569
SP500,2023-12-12,256558,316779,-2937.0,7989.0,-60221,Indices,573337
SP500,2023-12-05,259495,308789,-15950.0,-35564.0,-49294,Indices,568284
SP500,2023-11-28,275445,344353,28361.0,13369.0,-68908,Indices,619798
SP500,2023-11-21,247084,330984,-21952.0,5282.0,-83900,Indices,578068
SP500,2023-11-14,269036,325701,4701.0,3213.0,-56665,Indices,594737
SP500,2023-11-07,264335,322488,-10182.0,44521.0,-58153,Indices,586823
SP500,2023-10-31,274518,277967,544.0,5410.0,-3449,Indices,552485
SP500,2023-10-24,273974,272557,57315.0,-13998.0,1417,Indices,546531
SP500,2023-10-17,216659,286555,12195.0,-15911.0,-69896,Indices,503214
SP500,2023-10-10,204465,302465,-28783.0,-7871.0,-98000,Indices,506930
SP500,2023-10-03,233248,310336,-28490.0,-42570.0,-77088,Indices,543584
SP500,2023-09-26,261738,352906,60151.0,10909.0,-91168,Indices,614644
SP500,2023-09-19,201587,341997,-79015.0,-39628.0,-140410,Indices,543584
SP500,2023-09-12,280602,381625,37178.0,3685.0,-101023,Indices,662227
SP500,2023-09-05,243424,377940,-16593.0,-14670.0,-134516,Indices,621364
SP500,2023-08-29,260017,392610,22654.0,28950.0,-132593,Indices,652627
SP500,2023-08-22,237362,363660,-23445.0,-3331.0,-126298,Indices,601022
SP500,2023-08-15,260808,366991,19773.0,-23115.0,-106183,Indices,627799
SP500,2023-08-08,241035,390106,5645.0,-34768.0,-149071,Indices,631141
SP500,2023-08-01,235390,424874,-2366.0,-37151.0,-189484,Indices,660264
SP500,2023-07-25,237756,462026,1992.0,-27694.0,-224270,Indices,699782
SP500,2023-07-18,235764,489720,9571.0,62801.0,-253956,Indices,725484
SP500,2023-07-11,226193,426919,1527.0,1310.0,-200726,Indices,653112
SP500,2023-07-03,224667,425609,861.0,-3220.0,-200942,Indices,650276
SP500,2023-06-27,223806,428829,12615.0,-21009.0,-205023,Indices,652635
SP500,2023-06-20,211190,449838,-36622.0,-103650.0,-238648,Indices,661028
SP500,2023-06-13,247813,553488,1703.0,-18268.0,-305675,Indices,801301
SP500,2023-06-06,246110,571756,67858.0,-24287.0,-325646,Indices,817866
SP500,2023-05-30,178251,596043,-11647.0,17613.0,-417792,Indices,774294
SP500,2023-05-23,189899,578429,-5882.0,8004.0,-388530,Indices,768328
SP500,2023-05-16,195781,570426,-4543.0,5826.0,-374645,Indices,766207
SP500,2023-05-09,200323,564600,-4608.0,16809.0,-364277,Indices,764923
SP500,2023-05-02,204931,547791,163464.0,433671.0,-342860,Indices,752722
SP500,2023-04-25,41467,114120,555.0,4357.0,-72653,Indices,155587
SP500,2023-04-18,40912,109763,-490.0,6839.0,-68851,Indices,150675
SP500,2023-04-11,41401,102924,8648.0,5879.0,-61523,Indices,144325
SP500,2023-04-04,32753,97045,-7141.0,12219.0,-64292,Indices,129798
SP500,2023-03-28,39894,84826,-731.0,3705.0,-44932,Indices,124720
SP500,2023-03-21,40625,81121,-6035.0,10497.0,-40496,Indices,121746
SP500,2023-03-14,46660,70624,1000.0,-16933.0,-23964,Indices,117284
SP500,2023-03-07,45660,87557,-3930.0,1188.0,-41897,Indices,133217
SP500,2023-02-28,49591,86369,3229.0,-6851.0,-36778,Indices,135960
SP500,2023-02-21,46362,93220,-2093.0,-4526.0,-46858,Indices,139582
SP500,2023-02-14,48455,97746,-1169.0,4613.0,-49291,Indices,146201
SP500,2023-02-07,49623,93132,-1064.0,-2007.0,-43509,Indices,142755
SP500,2023-01-31,50688,95139,593.0,3246.0,-44451,Indices,145827
SP500,2023-01-24,50095,91893,-1973.0,-5538.0,-41798,Indices,141988
SP500,2023-01-17,52067,97431,3367.0,6096.0,-45364,Indices,149498
SP500,2023-01-10,48701,91335,-3551.0,5623.0,-42634,Indices,140036
SP500,2023-01-03,52252,85712,3257.0,1861.0,-33460,Indices,137964
NAS100,2023-12-26,79760,51769,8293.0,2486.0,27991,Indices,131529
NAS100,2023-12-19,71467,49283,-149.0,-14229.0,22184,Indices,120750
NAS100,2023-12-12,71616,63512,-3584.0,-3286.0,8104,Indices,135128
NAS100,2023-12-05,75200,66798,-3502.0,-4626.0,8402,Indices,141998
NAS100,2023-11-28,78702,71424,4376.0,2142.0,7278,Indices,150126
NAS100,2023-11-21,74326,69282,4824.0,95.0,5044,Indices,143608
NAS100,2023-11-14,69502,69187,-13100.0,2880.0,315,Indices,138689
NAS100,2023-11-07,82602,66307,10234.0,676.0,16295,Indices,148909
NAS100,2023-10-31,72368,65631,3349.0,-691.0,6737,Indices,137999
NAS100,2023-10-24,69019,66322,-8519.0,3132.0,2697,Indices,135341
NAS100,2023-10-17,77538,63190,8175.0,1667.0,14348,Indices,140728
NAS100,2023-10-10,69363,61523,3276.0,-3129.0,7840,Indices,130886
NAS100,2023-10-03,66087,64652,7780.0,7191.0,1435,Indices,130739
NAS100,2023-09-26,58307,57461,1492.0,3840.0,846,Indices,115768
NAS100,2023-09-19,56815,53621,-11859.0,-5997.0,3194,Indices,110436
NAS100,2023-09-12,68674,59618,-5366.0,-872.0,9056,Indices,128292
NAS100,2023-09-05,74040,60490,1627.0,4239.0,13550,Indices,134530
NAS100,2023-08-29,72413,56251,2930.0,598.0,16162,Indices,128664
NAS100,2023-08-22,69483,55653,24.0,-8637.0,13830,Indices,125136
NAS100,2023-08-15,69459,64290,-711.0,-16759.0,5169,Indices,133749
NAS100,2023-08-08,70170,81049,527.0,1.0,-10879,Indices,151219
NAS100,2023-08-01,69643,81048,3382.0,4115.0,-11405,Indices,150691
NAS100,2023-07-25,66261,76933,-8935.0,2936.0,-10672,Indices,143194
NAS100,2023-07-18,75196,73997,-426.0,9323.0,1199,Indices,149193
NAS100,2023-07-11,75622,64674,4915.0,-575.0,10948,Indices,140296
NAS100,2023-07-03,70707,65249,-10412.0,1372.0,5458,Indices,135956
NAS100,2023-06-27,81119,63877,9163.0,7914.0,17242,Indices,144996
NAS100,2023-06-20,71956,55963,-20030.0,-20343.0,15993,Indices,127919
NAS100,2023-06-13,91986,76306,112.0,-6720.0,15680,Indices,168292
NAS100,2023-06-06,91874,83026,4630.0,4294.0,8848,Indices,174900
NAS100,2023-05-30,87244,78732,8270.0,14267.0,8512,Indices,165976
NAS100,2023-05-23,78974,64465,-2048.0,3407.0,14509,Indices,143439
NAS100,2023-05-16,81022,61058,834.0,2257.0,19964,Indices,142080
NAS100,2023-05-09,80188,58801,6645.0,-1452.0,21387,Indices,138989
NAS100,2023-05-02,73543,60253,8736.0,576.0,13290,Indices,133796
NAS100,2023-04-25,64807,59677,6054.0,3597.0,5130,Indices,124484
NAS100,2023-04-18,58753,56080,7146.0,2343.0,2673,Indices,114833
NAS100,2023-04-11,51607,53737,12792.0,-3463.0,-2130,Indices,105344
NAS100,2023-04-04,38815,57200,-12494.0,-1457.0,-18385,Indices,96015
NAS100,2023-03-28,51309,58657,-1754.0,474.0,-7348,Indices,109966
NAS100,2023-03-21,53063,58183,-8070.0,-9422.0,-5120,Indices,111246
NAS100,2023-03-14,61133,67605,5547.0,-406.0,-6472,Indices,128738
NAS100,2023-03-07,55586,68011,1640.0,-9764.0,-12425,Indices,123597
NAS100,2023-02-28,53946,77775,-3903.0,5857.0,-23829,Indices,131721
NAS100,2023-02-21,57849,71918,3840.0,-4915.0,-14069,Indices,129767
NAS100,2023-02-14,54009,76833,-4301.0,3604.0,-22824,Indices,130842
NAS100,2023-02-07,58310,73229,-1129.0,-2068.0,-14919,Indices,131539
NAS100,2023-01-31,59439,75297,-802.0,-10205.0,-15858,Indices,134736
NAS100,2023-01-24,60241,85502,-1380.0,3248.0,-25261,Indices,145743
NAS100,2023-01-17,61621,82254,4553.0,17035.0,-20633,Indices,143875
NAS100,2023-01-10,57068,65219,-2734.0,6779.0,-8151,Indices,122287
NAS100,2023-01-03,59802,58440,-3961.0,-4151.0,1362,Indices,118242
AUD,2023-12-26,39011,90314,3734.0,4360.0,-51303,Forex,129325
AUD,2023-12-19,35277,85954,4310.0,2647.0,-50677,Forex,121231
AUD,2023-12-12,30967,83307,-1919.0,-7260.0,-52340,Forex,114274
AUD,2023-12-05,32886,90567,3683.0,-9855.0,-57681,Forex,123453
AUD,2023-11-28,29203,100422,-362.0,-7113.0,-71219,Forex,129625
AUD,2023-11-21,29565,107535,-3163.0,3851.0,-77970,Forex,137100
AUD,2023-11-14,32728,103684,-1321.0,4072.0,-70956,Forex,136412
AUD,2023-11-07,34049,99612,1244.0,-8303.0,-65563,Forex,133661
AUD,2023-10-31,32805,107915,4787.0,-3184.0,-75110,Forex,140720
AUD,2023-10-24,28018,111099,-3547.0,-1205.0,-83081,Forex,139117
AUD,2023-10-17,31565,112304,-262.0,3900.0,-80739,Forex,143869
AUD,2023-10-10,31827,108404,-7638.0,-13048.0,-76577,Forex,140231
AUD,2023-10-03,39465,121452,3361.0,-1467.0,-81987,Forex,160917
AUD,2023-09-26,36104,122919,-676.0,-10807.0,-86815,Forex,159023
AUD,2023-09-19,36780,133726,-10529.0,6884.0,-96946,Forex,170506
AUD,2023-09-12,47309,126842,-6723.0,-10727.0,-79533,Forex,174151
AUD,2023-09-05,54032,137569,-7344.0,6008.0,-83537,Forex,191601
AUD,2023-08-29,61376,131561,-10658.0,-4259.0,-70185,Forex,192937
AUD,2023-08-22,72034,135820,3411.0,13800.0,-63786,Forex,207854
AUD,2023-08-15,68623,122020,7532.0,17737.0,-53397,Forex,190643
AUD,2023-08-08,61091,104283,14479.0,5879.0,-43192,Forex,165374
AUD,2023-08-01,46612,98404,7504.0,8095.0,-51792,Forex,145016
AUD,2023-07-25,39108,90309,856.0,1656.0,-51201,Forex,129417
AUD,2023-07-18,38252,88653,-5409.0,-92.0,-50401,Forex,126905
AUD,2023-07-11,43661,88745,-6509.0,-6007.0,-45084,Forex,132406
AUD,2023-07-03,50170,94752,4945.0,10103.0,-44582,Forex,144922
AUD,2023-06-27,45225,84649,-518.0,-10710.0,-39424,Forex,129874
AUD,2023-06-20,45743,95359,6985.0,-5144.0,-49616,Forex,141102
AUD,2023-06-13,38758,100503,-15743.0,-10466.0,-61745,Forex,139261
AUD,2023-06-06,54501,110969,-14468.0,-2126.0,-56468,Forex,165470
AUD,2023-05-30,68969,113095,15550.0,10595.0,-44126,Forex,182064
AUD,2023-05-23,53419,102500,9516.0,5003.0,-49081,Forex,155919
AUD,2023-05-16,43903,97497,2678.0,7079.0,-53594,Forex,141400
AUD,2023-05-09,41225,90418,-11115.0,-6932.0,-49193,Forex,131643
AUD,2023-05-02,52340,97350,-1901.0,3647.0,-45010,Forex,149690
AUD,2023-04-25,54241,93703,9631.0,6737.0,-39462,Forex,147944
AUD,2023-04-18,44610,86966,-871.0,3548.0,-42356,Forex,131576
AUD,2023-04-11,45481,83418,-1206.0,9498.0,-37937,Forex,128899
AUD,2023-04-04,46687,73920,2874.0,-5246.0,-27233,Forex,120607
AUD,2023-03-28,43813,79166,2630.0,-476.0,-35353,Forex,122979
AUD,2023-03-21,41183,79642,-502.0,-2134.0,-38459,Forex,120825
AUD,2023-03-14,41685,81776,-12622.0,2645.0,-40091,Forex,123461
AUD,2023-03-07,54307,79131,13236.0,13895.0,-24824,Forex,133438
AUD,2023-02-28,41071,65236,2579.0,1956.0,-24165,Forex,106307
AUD,2023-02-21,38492,63280,7740.0,3621.0,-24788,Forex,101772
AUD,2023-02-14,30752,59659,708.0,1510.0,-28907,Forex,90411
AUD,2023-02-07,30044,58149,-6293.0,-8780.0,-28105,Forex,88193
AUD,2023-01-31,36337,66929,6871.0,4292.0,-30592,Forex,103266
AUD,2023-01-24,29466,62637,873.0,424.0,-33171,Forex,92103
AUD,2023-01-17,28593,62213,-1617.0,-1687.0,-33620,Forex,90806
AUD,2023-01-10,30210,63900,-4998.0,-7575.0,-33690,Forex,94110
AUD,2023-01-03,35208,71475,2253.0,1729.0,-36267,Forex,106683
